FacilityName,Contractor (y/n),Address,City,State,ZipCode,BusinessHourRate,AfterHoursRate,HolidayRate,TriLingualRateUplift,EmergencyFee,Phone,Contact Name,Contact Email,Notes,Department Charge#,Product #,Director
Acees Partners- Julian,,52 Riley Rd PMB 196,Celebration,Fa,,,$115.00,,,,,,,,,,
Acess A Ride,,101 Ellis St,Staten Island,NY,10307,$75.00,,,,,718-605-3715,Marc Haber,lorraine@hhstaff.com,,,,
Acolad,,,,,,$135.00,,,,,,Paul Langie,paul.langie@acolad.com,,,,
Ad Astra,,8701 Georgia Ave Suite 808,Silver Spring,MD,20910,125,,,,,844-203-4242 x153,Daniela Perez,danielaperez@ad-astrainc.com,,,,
Advantage Care,,,Staten Island,NY,,$90.00,$95.00,$160.00,,$100.00,,,,,,,
Advantage Care Astoria,,31-75 23rd St,Astoria,NY,1106,90,110,,,,646-680-3612,Jasmin Harris- Asst Practice Adm,harrisjasm@acpny.com,Also: Virginia DeJesus: dejesusv@acpny.com,Practice Adm: Gina Tymus: Tymusg@acpny.com,,
Advantage Care E. 22nd,,21 E. 22nd. St,Manhattan,,,$90.00,$100.00,,,,646-680-1922,lydia Louis,Louisl@acpny.com,,,,
Advantage Care E. 95th St,,215 E 95th St,New York,NY,,90,110,,,,646-680-3771,Giselle Urena- Administrator,urenag@acpny.com,Janet 212-996-8000 x6731503,astudilloj@acpny.com,,
Advantage Care E22nd St,,21 E. 22nd St,New York,NY,,90,110,,,,646-680-3365,Johnnie May McKenzi,,Idonna E- Elgoni@acpny.com,,,
Advantage Care Forest Hills,,96-10 Metropolitain Ave,Forest Hills,NY,11375,90,110,,,,646-680-3612,Jasmin Harris- Asst Practice Adm,harrisjasm@acpny.com,Also: Virginia DeJesus: dejesusv@acpny.com,Practice Adm: Gina Tymus: Tymusg@acpny.com,Practice Site Nurse: Sharon Grainger,mckenzies@acpny.com
Advantage Care Harlem W125,,215 W 125th St,New York,NY,,90,100,,,,646-680-2819,Yesenia Camarena,camarenay@acpny.com,,,,
Aetna,,,,,,$75.00,,,,,,,,,,,
Aimlit,,,,,,$135.00,,,,,,,,,,,
ALS Global American Language Services,,1849 Sawtelle Blvd,Los Angeles,Ca,90025,$115.00,,,,,310-433-7025,Leslie Jacobson,leslie@alsglobal.net,310-829-0741- office,Regina Marusich,whatsapp- +52 442-790-8240,
Amazon Labor Union,,,Staten Island,NY,,$110.00,,,,,848-210-0636,Connor Spenc,Connor@amazonlaborunion.org,Media event,,,
Andre,,Turcios,Hicksville,NY,11802,$115.00,,,,,516-495-4848,Andre Turcios,,,,,
Andre Turcios,,,Hicksville,NY,11802,$105.00,,,,,,,,,,,
Arch Care Carmel Richmond,,,Staten Island,NY,,$90.00,$105.00,$150.00,,,,,,,,,
Arlene Petrie,,26 Court st 11th Floor Suite 1106,Brooklyn,NY,11242,$95.00,$110.00,,,,718-283-5056,Arleen Petrie,Apetrie@maimonidesmed.org,,,,
Atletic Edge,,10 Nassua St,Staten Island,NY,,,$110.00,,,,,Oriane,info@athleticedgeny.com,,,,
Bayview Dental,,736 Castleton Ave,Staten Island,NY,10310,$75.00,$85.00,,,,,,,,,,
Bridges- Access Jason,,,,,,$65.00,,,,,,,,,,,
Brooklyn Museum,,200 Eastern Pk,Brooklyn,NY,,$100.00,,,,,718-501-6227,Allison Day,Allison.Day@brooklynmuseum.org,,,,
Capital Linguistics,,2301 Shorefield Rd,Silver Spring,MD,20902,$150.00,,,,,612-817-7744,Philip Rosen,info@capitallinguists.com,Philip Cell: 612-817-7744,,,
Cardiovascular SI,,501 Seaview Ave,Staten Island,NY,,$75.00,$85.00,,,,,,,,,,
Carmel Richmond,,88 Old Town Rd,Staten Island,NY,10304,$75.00,$85.00,,,,,,,,,,
Central Jersey Oral Surgery,,158 Main St,Matawan,NJ,7747,$95.00,$110.00,,,,732-566-7648,Tracey or Gina,referral@cjoms.com,,,,
Certifications for Life,,197 State Route 18,East Brunswick,NJ,,$85.00,$100.00,$155.00,,,,,,,,,
Certified Interpreters CIS,,2052 Bundy Drive 1043,Los Angeles,Ca,90025,$90.00,,,,,888-254-9440,Irlanda,contact@cisinterpreters.com,Irlanda cell # 213-523-2736,,,
Chase,,,,,,$100.00,,,,,,,,,,,
Clifton Surgery,,1117 Route 46 East,Clifton,NJ,7013,$90.00,$105.00,$160.00,,,973-779-7210,Samantha Kennedy,cliftonsurgerydon@gmail.com,,,,
Clove Lakes ENT,,1414 Victory Blvd,Staten Island,NY,10301,$75.00,,,,,,,,,,,
CNBC,,900 Sylan Ave,Englewood,NJ,7632,$150.00,,,,,201-618-1566,Lori Ann LaRocca,LoriAnn.Larocco@nbcuni.com,,,,
CODeAF- Cresciano,,,California,,,$70.00,,,,,,,,,,,
Courtside Interpreting,,,,,,,,,,,,,,,,,
Cq Fluency,,,,,,$90.00,,,,,,Emila and Daniela,,Emila is in Italy and Daniela is in Argintina,,,
CUNY- CSI,,2800 Victory Blvd- 1P-101,Staten Island,NY,10314,145,115,,,,718-982-2513,Anjail,Anjail.AmeenRice@csi.cuny.edu,"NON Local $145, $155 Anjail Contact",,,
D'Agostino Law,,3309 Richmond Ave,Staten Island,NY,10312,125,,,,,718-967-1600,Lauren Vasquez,calendar@daglawteam.com,,,,
Daily Harvest,,,,,,$125.00,$125.00,,,,646-351-7385,,Marcus@daily-harvest.com,sarah is the owner,,,
David Flynn,,976 Bard Ave,Staten Island,NY,10310,$85.00,$100.00,$150.00,,$25.00,,,,,,,
Day Translation,,,,,,$90.00,,,,,813-565-0374,Colleen,interpreting@daytranslations.com,Colleen is in Brazil,,,
DEA,,,,,,$110.00,,,,,,,,,,,
Deafinite Solutions,,68-70 Tuers Ave,Jersey City,NJ,7306,$95.00,,,,,201-424-1061,Laura Weisharr,Deafinitesolutions@hce.works,,,,
Dhcc- Philly agency,,630 Fairview Rd,Swathmore,Pa,19081,$71.00,,,,,610-604-0454,,,,,,
Dosik Hematology,,500 4th Ave,Brooklyn,NY,11215,$95.00,,,,,718-208-1820,Judy and Sherine,ssmith@dosikhemonc.com,Judy called. Sherine smith- manager,,,
Dr Guss Dr Beri,,3200 Sunset Ave suite 208,Ocean,NJ,7712,$85.00,$110.00,$175.00,,,732-775-9000,Linda Perna,lperna@coastalhealthcarenj.com,,,,
Dr Indelicato,,,,,,$85.00,$110.00,,,,,,straiteeth@aol.com,,,,
Dr. Calamia,,4106 Hylan Blvd,Staten Island,NY,10308,$75.00,$85.00,,,,,,,,,,
Dr. Carniaris,,11 Ralph Pl,Staten Island,NY,10304,$75.00,$85.00,,,,,,,,,,
Dr. Decorato,,2777 Hylan Blvd,Staten Island,NY,10306,$75.00,,,,,,,,,,,
Dr. Goodman,,1 Bridge St,Irvington,NY,10533,105,,,,,914-350-4788,Dr. Heather Goodman,Dr@heathergoodman.com,,,,
Dr. Heltzer,,408 Seaview Ave,Staten Island,NY,10305,,$82.50,,,,718-987-6490,Tina Sullivan,tsullivan6490@yahoo.com,,,,
Dr. Knochenhauer,,237 Richmond Valley Rd,Staten Island,NY,10309,$75.00,$100.00,,,,,Jackie A,jackiea@islandreproductive.com,,,,
Dr. Macarthy,,,Staten Island,NY,,$60.00,,,,,,,,,,,
Dr. McCormack,,515 N. Wood Ave Suite 101,Linden,NJ,7036,100,,,,,908-925-8877,Gloriann Prisco,twinkglo@aol.com,Gloriann Cell # 917-655-6679,,,
Dr. Motta,,1200 South Ave,Staten Island,NY,10314,$75.00,$85.00,,,,,,,,,,
Dr. Pavlides,,2 Teleport Dr,Staten Island,NY,10314,$75.00,$85.00,,,,,Meridith,mbarizone@pbsgyn.com,,,,
Dr. Pepe,,800 Castleton Ave,Staten Island,NY,10310,$75.00,$85.00,,,,,,,,,,
Dr. Scafuri,,682 Forsest Ave,Staten Island,NY,10310,$85.00,$95.00,,,,718-370-3730 x13,Jennifer,jenniferrn603@gmail.com,Nichol Hynes- NicholHynes22@gmail.com,,,
Eiber Translations,,,,,,$130.00,$120.00,,,,516-498-1111,Ashley,calendar@eibertranslations.com,,,,
Eleanore Sunchild,,,,,,,,,,,306-481-3990,Eleanore,Eleanore@sunchildlaw.com,Biker Club documentary,,,
Elevate Unlimited LLC,,,,,,,,,,,,Naderah,,,,,
ENT & Allergy,,1 Teleport Dr,Staten Island,NY,10314,$75.00,$85.00,,,,,Jen Aquilone,Jaquilone@entandallergy.com,,,,
ENT & Allergy - 9020 5th,,9020 5th Ave,Brooklyn,NY,11209,$95.00,$110.00,,,,718-833-0514,Adanna St. Bernard,AStBernard@entandallergy.com,,,,
ENT & Allergy - Astoria,,37-19 Newton Ave Suite 201,Astoria,NY,11102,$95.00,$110.00,,,,718-971-2490,Carmela Morada,Cmorada@entandallergy.com,Carmela Morada,,,
ENT & Allergy - Garden City,,990 Stewart Ave Suite 610,Garden City,NY,11530,$95.00,$110.00,,,,516-222-1881,Francisco Posada,Fposadacastro@entandallergy.com,,,,
ENT & Allergy- Dyker Heights- Brooklyn,,802 64th St,Brooklyn,NY,11220,$95.00,$85.00,,,,718-208-4449,Natalie Briceno,Nbriceno@entandallergy.com,Natalie Cell- 929-252-1566,,,
ENT & Allergy- E48th St,,18 E48th St,New York,NY,10017,$95.00,$110.00,,,,646-868-4300,Anvar Latipov,aal02@qmmsusa.com,,,,
ENT & Allergy- Islandia,,2929 Expressway Drive North,Islandia/ Hauppauge,NY,11749,$95.00,$110.00,,,,631-665-2430,Gertrude Udaze,Gudaze@entandallergy.com,Gertrude Udaze,,,
ENT & Allergy- Paramus,,650 From Road,Paramus,NJ,7652,$95.00,$110.00,,,,201-829-0202,Maria Menonna,MMenonna@entandallergy.com,,,,
ENT & Allergy- Port Jefferson,,1500 RT 112,Port Jefferson Station,NY,11776,$95.00,$110.00,,,,631-828-7001,Carolyn,ctrombetta@entandallergy.com,Michelle,,,
Excel Lingistics,,,Boston,MA,,$115.00,$125.00,,,,781-835-6681,Reid Mosquera,reid@excellinguistics.com,,,,
Eye MD,,1301 Ave J,Brooklyn,NY,11230,95,115,190,25,25,718-627-0303 x 207,Marcia Gabinsky,marcia@nylasik.com,Masha,carmen.klmeyecare@gmail.com 718-938-1333,,
Fema Ohio,,,,,,,,,,,,,,,,,
Garden State Pain Control,,25 S. Main St,Edison,NJ,8837,$90.00,$105.00,$160.00,,$50.00,732-376-0330,Lolita,lolitagspc@gmail.com,,,,
Gi Medical,,305 Seguine Ave,Staten Island,NY,,$95.00,$110.00,$155.00,,,,Doreen Piro,dpiro@gimedicalsi.com,,,,
Globo,,,,,,$110.00,,,,,267-679-4147,Dominika,,Dominika Cell number 267-679-4147,,,
Go T&T,,755 Clay Street,Winter Park,FL,32789,$95.00,,,,,844-468-2638,Ligia Lammers,interpreterdeveloper@gotandt.com,,,,
Health Care Associates,,Hylan Blvd,Staten Island,NY,,$85.00,$95.00,,,$50.00,,,,,,,
Health Plus Trans,,,,,,115,,,,,,,,,,,
HomeLinks,,,,,,$115.00,$125.00,,,,877-225-0960,Amanda Kane,Amanda.Kane@vgm.com,Amanda Kane,,,
Hylan Smile,,3767 Hylan Blvd,Staten Island,NY,10308,$85.00,,,,,,Teresa,info@hylansmiles.com,,,,
Independent Living Center,,470 Castleton Ave,Staten Island,NY,10301,$75.00,,,,,347-579-1389,Jade Smith,Jsmith@siciliving.org,,,,
International Languages,,515 Madison Ave,New York,NY,1022,$90.00,,,,,212-856-9848,Luz Gallegos,lgallegos@islanguages.com,job interview in NYC,,,
Interprenet,,27 Wacker Dr Suite270,Chicago,IL,60606,$115.00,,,,,312-928-1188,Firat Sanliturk,,312-928-1188,,,
Jewish Board - Coney Island,,2020 Coney Island Ave,Brooklyn,NY,11223,75,,,,,718-676-4284,JoAnn Flood,jflood@jbfcs.org,,,,
Jewish Board- Harlem,,,,,,75,,,,,,,,,,,
Jewish Board- NY,,5030 Broadway Suite 201,New York,NY,10034,75,,,,,,Silvia Orellana,sorellana@jbfcs.org,,,,
Jewish Board- SI,,1765 South Ave,Staten Island,NY,10314,$75.00,,,,,,Valerie Mitchell,,,,,
Jewish Board- W36th,,2928 West 36th Street,Brooklyn,NY,11224,75,,,,,,Rachel Krutiy,Rkrutiy@jbcs.org,,,,
John Merlino,,,Staten Island,NY,,$100.00,,,,,,,,,,,
Kean University,,215 North Ave,Hillside,NJ,7205,$150.00,,,,,,Steve Concord,scochran@kean.edu,,,,
Kids Dental,,4864 Arthur Kill Road,Staten Island,NY,10309,$75.00,$100.00,$150.00,,$25.00,,,,,,,
Language Doctor,,1910 Towne Centre Blvd,Annapolis,MD,21401,$110.00,,,,,,Paula Bazan,pbaz@tldinc.org,Paula,,,
Language Solutions,,,,,,$95.00,,,,,412-604-3988,Ivan,asl_requests@languagest.com,,,,
Languages Unlimited,,600 Metrowest Blvd,Orlando,Fl,,$100.00,,,,,407-961-7935,Juan Cabreja,Juan@languagesunlimited.com,Did physicas job. Address sutie is 208,,,
Languuager,,,,,,$80.00,,,,,800-527-3001,Matt Nayeem,hr@languagers.com,ext 11,,,
Legacy Dance,,,,,,,$130.00,,,,631-319-1600,David Sanders,legacydancechampionships.com,,,,
Legal Languages,,15 Maiden Lane Suite300,Manhattan,NY,10038,$130.00,$95.00,$125.00,,,212-346-6648,Whitney Yang,interpreting@legallanguage.com,$130 legal/ $95 Medical,,,
Legal Languages Medical,,15 Maiden Lane Suite300,Manhattan,NY,10038,$90.00,,,,,212-346-6648,Whitney Yang,interpreting@legallanguage.com,,,,
Lenox Hill - Freeport,,375 W. Sunrise Hwiy,Freeport,NY,11520,95,115,190,,,516-662-4149,Alex Kuster,Alexanderkuster@radnet.com,,,,
Lenox Hill Radiology,,,Staten Island,NY,,$95.00,$115.00,$190.00,,,718-440-3910,Annette McKenna,annette.mckenna@radnet.com,,,,
Lenox Hill- Forest Hills,,96-10 Metropolitain Ave,Forest Hills,NY,,95,115,190,,,,,,,,,
Lenox Hill- Lynbrook,,443 Sunrise Hwy,Lynbrook,NY,11563,95,115,190,25,25,917*480-0861,Nev Kaur,navneet.kaur@radnet.com,,,,
Lenox Hill- West Islip,,1161 Montauk Hwy,West Islip,NY,11795,$95.00,$115.00,$190.00,25,$25.00,631-624-6677,Patricia Massenkeil,patricia.massenkeil@radnet.com,,,,
LM Language Services,,103 Carnegie Center,Princeton,NJ,8540,$120.00,,,,,917-319-9932,Blanca & Veronica,vender@lmlanguaageservices.net,Suite 300,,,
LNG Consulting,,8225 5th Ave ste222,Brooklyn,NY,11209,$85.00,,,,,718-228-7541,,interpreter@lngconsulting.net,,,,
Lourdes,,Planas,Brooklyn,NY,,$95.00,$110.00,,,,787-3627312,Lourdes Planas,lourdes@visionaryhc.com,,,,
LTC Language Solutions,,8240 Exchange Dr Suite C4,Orlando,FL,32809,110,,,,,321-221-7569,Sydney Lindstrom,slindstrom@ltcls.com,,,,
Mack Eye Center,,257 Monmouth Rd,Oakhurst,NJ,7755,$90.00,$110.00,,,,732-835-2020,Ryne,office@mackeye.com,,,,
Magnus,,1313 N. Grand Ave,Walnut,CA,91789,$95.00,,,,,800-965-9321,,interpet@magnuscorp.com,Dora or Megumi,#280,,
Mej,,,,,,$95.00,$110.00,,,,347-210-9486,Elizabeth Johnson,mejelie245@gmail.com,,,,
Metropolitan,,540 Bordentown,South Amboy,NJ,8879,$90.00,$100.00,,,,732-525-2227,JoAnn Kozay,Jk@metrosurgicalnj.com,,,,
Middlesex,,,,,,125,140,,,,,,,,,,
Misc Services,,Me,,,,,,,,,,,,,,,
Misc- Dennis Quirk,,,,,,$75.00,,,,,,,,,,,
Neptune School District,,60 Neptune Blvd,Neptune,NJ,7753,100,,,,,732-776-2200x7811,Amy Brockel,abrockel@neptune.k12.nj.us,Kathleen Skelton- Director of Special Services,PO # 25-01383,,
Nile West High School,,5701 W. Oakton St.,Skokie,IL,60077,95,115,,,,708-704-7396,Sophia Sartori,sopsar@d219.org,,,,
Northwell- Allergy & Asthma,,896 Targee St,Staten Island,NY,10304,90,115,,,,718-816-8200,Janelle,Amandadejesusramo@northwell.edu,,Department Charge # 30001355,Product #03954,Amanda Dejesus- Ramos
Northwell- Dr Bari (Cardiology,,101 Tyrellan Ave,Staten Island,NY,10309,$90.00,$115.00,$190.00,,$50.00,929-292-3627,Lori Clifford,Lclifford1@northwell.edu,Melissa,Department Charge#30001533,Product #51521,Jonathan Mignola
Northwell- Dr Bjorklund- NHPP Staten Island Heart,,501 Seaview Ave,Staten Island,NY,10305,90,115,190,,,,Charlette Gomez- Fajardo,cgomezfajardo@northwell.edu,,Department Charge # 300001532,Product # 61129,
Northwell- Dr Bradu (Dermatology),,1776 Richmond Rd,Staten Island,NY,10306,$90.00,$115.00,$190.00,,$50.00,718-226-1455,Mario,malzate@northwell.edu,,Department Charge#30005594,Product #60600,
"Northwell- Dr Espisito, Dr Steinbruck, Dr. Angstadt, Dr Ortiz- NHPP- General Surgery",,256 Mason Ave Bld C 3rd Floor,Staten Island,NY,10305,90,115,190,,50,718-226-6569 / (1172 oritiz),Athenia,Ltorres5@northwell.edu,Lisa Torres,Department Charge #300001475,Product # 60252,Jasline Rodriquez
Northwell- Dr Herzog,,1855 Richmond Ave,Staten Island,NY,,$90.00,$115.00,$190.00,,$50.00,347-745-2828,Marisol,ccorona@northwell.edu,Christine Corona,Dept Charge# 30009111,Product # 15945,Admin Director-Johnathan Mignola
"Northwell- Dr Hiltzik (ENT), Dr Blasco",,378 Seaview Ave,Staten Island,NY,10305,$90.00,$115.00,$190.00,,$50.00,718-226-6110/7773,Danielle,dferrari4@northwell.edu,Susan Guzzo,Department Charge # 300001473,Product # 60250,Johnathan Mignola
Northwell- Dr Lefkovic,,375 Seguine ave,Staten Island,NY,10309,$90.00,$115.00,$190.00,,$50.00,718-226-2288,Barbra,Blipari2@northwell.edu,Helen Ruiz,Department Charge # 300001534,Product # 61201,Theoni Napoli
Northwell- Dr Magnola (family medicine),,1776 Richmond Rd,Staten Island,NY,10306,$90.00,$115.00,$190.00,,$50.00,718-226-1455,Mario Alzate,malzate@northwell.edu,,Department Charge #300005571,Product#60484,
Northwell- Dr Sacho (neurosurg)- NHPP,,501 Seaview Ave Suite# 201,Staten Island,NY,10305,90,115,,,,718-226-4940,Marianna Sacco,,Same info as Dr Gilad,,,
Northwell- Dr Singh (Vascular),,501 Seaview Ave Suite#302,Staten Island,NY,10305,$90.00,$115.00,$190.00,,$50.00,718-226-6800,Florence Gyi,fgyi@northwell.edu,,Department Charge #300001470,Product # 60254,Theoni Napoli
Northwell- Dr Wisniewski,,1776 Richmond Rd,Staten Island,NY,10306,90,115,190,,50,718-226-1455,Mario Alzate,malzate@northwell.edu,Same info as Dr Mignola,Department Charge #300005571,Product#60484,
Northwell- Dr. Epelman,,900 South Ave Suite 103,Staten Island,NY,10314,$90.00,$115.00,$190.00,,$50.00,718-226-5653,Anna/Johnathon,dsignorelli@northwell.edu,Dana Signorelli,Dept Charge #30001352,Product #60385,"Admin Director- Carol Pisapi - CPisapico@northwell.edu
Email Johnathon confirmations: jlaureano2@northwell.edu"
"Northwell- Dr. Gilad (neruosurg), Dr. Azab",,501 Seaview,Staten Island,NY,10305,$90.00,$115.00,$190.00,,$50.00,718-226-4226,Nancy,Msacco2@northwell.edu,Marianna Sacco- office manger,Department Charge #30001487,Product #60392,Theoni Napoli
Northwell- Dr. Shahani (Cardiothorasic),,501 Seaview Ave,Staten Island,NY,10305,$90.00,$115.00,$190.00,,$50.00,718-226-6057 & 6210,Haley emails: Jhaley1@northwell.edu,csingh8@northwell.edu,"Cynthia Singh office mg
suite 202",Department Charge # 30001474,Product # 60196,Theoni Napoli
Northwell- Dr. Vazzana (Cardiology)- NHPP Cardiology,,501 Seaview Ave Suite 200,Staten Island,NY,10305,$90.00,$115.00,$190.00,,$50.00,718-226-8249,Lisa,Lnolin@northwell.edu,Sarah- ext5028 called in Suite 200,Department Charge # 30001530,Product Code 60410,
Northwell- Gastro,,4106 Hylan Blvd,Staten Island,NY,10308,$90.00,$115.00,$190.00,,$50.00,718-226-7803,Lori Valentin,lvalentin2@northwell.edu,Lori,,,
Northwell- Orlin & Cohen- Columbus,,65 Columbus Ave,Staten Island,NY,10304,90,115,,,,718-448-3210 x819,Alejandro Mariano,amariano@northwell.edu,,Department Charge # 300006158,Product # 39595,Alejandro Mariano
Northwell- Pain Mgmt,,101 Tyrellan Ave,Staten Island,NY,,90,115,,,,,Cynthia Singh,csingh8@orlincohen.com,,Department Charge #300061940,Product #39992,
Northwell- SIUH,,475 Seaview Ave,Staten Island,NY,10305,$90.00,$115.00,$190.00,,$50.00,718-226-2000,,,,,,
Northwell- UPG,,1110 South Ave Suite 306,Staten Island,NY,10314,90,115,190,,50,718-370-7100,Ditron,DPica1@northwell.edu,Danielle Pica,Department Charge #30005555,Product #60509,"Melissa Bongailas- Mbongailas@northwell.edu
Melissa is reginal director for UPG"
Northwell- UPG- Dr Makarovskay,,3733 Richmond Ave,Staten Island,NY,10314,90,115,,,,718-356-3850,Ann Vidal,avidal2@northwell.edu,,Department Charge #3000556,Product # 60544,
Northwell- Urology,,1441 South Ave,Staten Island,NY,10314,$90.00,$115.00,$190.00,,$50.00,718-226-6348,Celia Carrasquillo,ccarrasqu1@northwell.edu,,Department Charge # 30001477,Product #60200,Brian Beck
NY Sleep Study,,355 Bard Ave,Staten Island,NY,,115,,,,,917-396-9816,Susan Rivera,Srivera1@sleepny.com,,,,
NY Start Program,,,,,,$85.00,$95.00,$155.00,,,,,,,,,
Oakwood Denta- Freehold,,342 Mounts Corner Dr,Freehold,NJ,7728,$85.00,,,,,732414-2683,Danielle Stangas,freehold@oakwooddentalarts.com,,,,
Oakwood Dental,,4864 Arthur Kill Road,Staten Island,NY,10309,$85.00,$95.00,,,,718-356-9800,Nicole Gilchrist,ngilchrist@oakwooddenatlarts.com,,,,
Ortho Smile,,4864 Arthur Kill Road,Staten Island,NY,10309,$85.00,$100.00,$150.00,,$25.00,,,,,,,
Paramount Oral Surgery,,201 Edward Curry Ave,Staten Island,NY,10314,85,,,,,718-494-2053,Vanessa/ Yobani Moranchel,Yobani@paramountoms.com,,,,
PCCS- Person Centered Care Services,,150 Granite Ave,Staten Island,NY,10303,110,,,,,718-370-1088 x239,Giovanella Stewart,GStewart@pccsny.org,,,,
Pediatric Eye Care,,33 Village Court,Hazlet,NJ,7730,$85.00,$100.00,,,,732-217-3503,,pedseyecare@gmail.com,,,,
Preffered Services,,PO Box 9582,San Diego,CA,92169,$110.00,,,,,888-987-6309,Cody Firks,cody@preferredinterpretingservice.com,,,,
Pro Health Dental,,3333 New Hyde Park,New Hyde Park,NY,11043,$95.00,$115.00,$190.00,,,,Anna Oritz,anortiz@phdental.com,Cara's friend,,,
ProCare,,,,,,$115.00,,,,,407-330-9113,Addly & Jeannie,dispatch@theprocare.com,"workmens comp, travel etc",,,
Production Glue,,,,,,$195.00,,,,,203-451-4795,Alex Scordato,Alex.Scordato@productionglue.com,,,,
ProHealth Circle,,,Staten Island,NY,,,$90.00,$165.00,,$10.00,718-370-2014,Caitlin Valenti,,,,,
Project Hospitality,,,Staten Island,NY,,$80.00,$100.00,$155.00,,$25.00,718-876-7716,Dana Flores,dflores@projecthospitality.org,,,,
Project HospitalityHome Health Services,,,Staten Island,NY,,$80.00,$100.00,$155.00,,$25.00,,,,,,,
Richmond Rehab,,91 Tompkins Ave,Staten Island,NY,,$90.00,$110.00,$150.00,,$30.00,,Paul Buchsbaum,pbuchsbaum@richmondrehab.net,,,,
Rise Dance Studio,,,Staten Island,NY,,$115.00,$115.00,,,,917-868-5958,Valerie Bongiorno- owner,risedancestudios@gmail.com,,,,
Rumc,,355 Bard Ave,Staten Island,NY,10310,$85.00,$110.00,$155.00,,$50.00,,,,,,,
Rumc Amboy,,,Staten Island,NY,,$85.00,$110.00,$155.00,,$50.00,,,,,,,
Rumc Service,,355 Bard Ave,Staten Island,NY,10310,,$50.00,,,,,,,,,,
Schweiger Derm,,4 Paragon Way,Freehold,NJ,7728,$95.00,$110.00,$175.00,,$25.00,732-580-4731,Tami Reid,treid@schweigerderm.com,,,,
Service Bridges,,,New York,,,$80.00,,,,,716-219-8002,Jason Goldstein,access@servicebridges.com,Jason- Deaf- use VP,,,
SI Day Camp,,Victory Blvd,Staten Island,NY,10314,$85.00,$100.00,,,,,,,,,,
SI Family Medicine,,1920 Richmond Rd,Staten Island,NY,10306,$75.00,$85.00,$155.00,,,,,,,,,
SI Mental Health,,Castleton Ave,Staten Island,NY,10310,$75.00,$100.00,,,,,,,,,,
SI Opthomology,,23 Oceanic Ave,Staten Island,Ny,,$85.00,,,,,718-948-8880,Adrianna,siosxworks@gmail.com,,,,
SI Oral Surgery,,256 C Mason Ave,Staten Island,NY,10305,$85.00,,,,,718-226-1251,Janet DiDonna,Jnet631@aol.com,,,,
South Shore Eye,,Cooper Ave,Staten Island,NY,,$85.00,$100.00,,,$25.00,718-979-2020,Donna- office manager,info@eyesoncopper.com,,,,
St Johns,,University,Staten Island,NY,10301,$95.00,$115.00,$165.00,,,718-990-2160,Samantha Wright,hastlers@stjohns.edu,,,,
Stand Up MRI,,2060 Hylan Blvd,Staten Island,NY,10306,$85.00,$95.00,,,,718-351-0616,Sandy Pontecorvo,spontecorvo@hmca.com,,,,
Staten Island Academy,,715 Todt Hill Road,Staten Island,NY,10304,$115.00,,,,,971-692-3547,,ecorigliano@statenislandacademy.org,,,,
Sweet Tooth Denistry,,15 1st Street,Staten Island,NY,10306,$85.00,$110.00,$155.00,,,929-833-2424,Gina Rossi,sweettooth@sweettoothpeds.com,,,,
T&T Staffing,,390 Prospect Ave,Hackensack,Nj,7601,$90.00,,,,,201-917-6299,Camen & Tiffany,info@ttsscorp.com,Sutie#j,,,
Target,,2873 Richmond Ave,Staten Island,NY,10314,$105.00,$115.00,,,,,,,,,,
Concord Nursing Home,,300 Madison St,Brooklyn,NY,11216,$75.00,$87.50,,,,718-636-7500,Shlomo Katz,Skatz@theconcord.org,,,,
The integrity Company,,PO Box 58,San Luis Rey,Ca,92068,$90.00,$100.00,,,,8884182565,Monica,monica@theintegritycompanyinc.com,Monica and pricilla,,,
Toms Riveer HS South,,,,,,$95.00,$110.00,,,,732-341-1321,Donna Cicala-Aiello,dcicala1@trschools.com,,,,
Total Captioning,,,,,,110,,,,,201-301-2435,Lauren Schechter,lauren@totalcaption.com,,,,
Transperfect,,,,,,$95.00,,,,,346-646-4111,Dominique Yusuf,dominique.yusuf@transperfect.com,Dominique,,,
Tribeca Dental,,21 Murry Street,New York,NY,10007,$85.00,$110.00,$175.00,,$25.00,212-346-0893,Lucy,manger@tribecadentalny.com,,,,
TTG- TransAtlantic,,80 Theodore Fremd Ave,Rye,NY,10580,$100.00,$130.00,,,,844-329-7088,Kerri Modla,Kerri@ttgtranslates.com,Kerri cell # 267-884-9550,,,
Turn it up,,36 finelle Drive,Weymouth,MA,2188,$130.00,$130.00,,,,617-283-8811,Joelle Bullmund,joelle@turnitupdance.com,,,,
Ubiquis,,61 Broadway suite 14000,,NY,10006,$130.00,$130.00,,,,212-346-6648,James Eleanya,jeleanya@ubiquis.com,,,,
Ubiquis Legal,,,,,,$135.00,$150.00,,,,,,,,,,
United Medical,,988 Broadway,Bayonne,NJ,7002,$95.00,$110.00,$150.00,,,201-339-6111,Nicole Stokes,Nicole@medmagic.net,,,,
Valley Center f/t Deaf,,,Arizona,,,$70.00,,,,,,Laura,lauraep@vcdaz.org,,,,
Victory Eye Specialisst,,3860 Victory Blvd,Staten Island,NY,10314,$85.00,$110.00,$155.00,,,,,,,,,
VNA of SI,,,Staten Island,NY,,$85.00,$95.00,,,,,,,,,,
Wall Social Services,,230 East Ridgewood Ave,Paramus,NJ,7652,$85.00,$95.00,,,,,,,,,,
Wee Care Pediatrics,,831 Tennent Road,Manalapan,NJ,7726,$95.00,$110.00,$175.00,,,732-536-6222,Lori DiAngelis,droffice@optonline.net,,,,
Woodbridge Township,,,Woodbridge,NJ,,$95.00,$110.00,,,,732-596-5146,Carol Brink,Carol.Brink@Woodbridge.K12.NJ.US,,,,
ENT & Allergy- 5th Ave,,261 5th Ave - Room 901,New York,NY,10016,95,110,,,,212-683-4624,Ingrid Rodriguez,Iar01@qmmsusa.com,,,,
Northwell- Surgical Oncology - Dr Azab,,256 C Mason Ave,Staten Island,NY,10305,90,115,190,,,718-226-4940,Stephanie,,,,,
Lenox Hill- Levittown,,3235 Hempstead tpke,Levittown,NY,11756,95,115,190,,,631-332-3062,Joseph Ortiz,joseph.ortiz@radnet.com,office- 516-464-5242,,,
Carteret School District,,,,,,105,120,,,,,,,,,,
Jewish Board- Rego Park,,97-77 Queens Blvd,Rego Park,NY,11374,75,,,,,718-896-9090 ext 522501,Olenny Cabrera,ocabrera@jbfcs.org,347-613-8484,,,
Lenox Hill- Bayshore,,375 East Main St Suite 28,Bayshore,NY,11706,95,115,190,,,631-665-2261,Debbie/ Debra Rayola,debra.rayola@radnet.com,Medical Arts bld,,,
Dr. Langan,,360 Edison St,Staten Island,NY,10306,95,115,190,,,718-987-4482,Diana,gidoctors360@gmail.com,,,,
Dr Giovinazzo,,1498 Clove Rd,Staten Island,NY,10301,85,110,,,,718- 494-2690,Rose,giovinazzoobgyn@gmail.com,,,,
Northwell- GYN- Targee- Dr. LaPorta,,1145 Targee St,Staten Isalnd,NY,,90,115,190,,,718-981-5900,Denise Ianniello,Dianniello@northwell.edu,,Department Charge # 30001322,Product #60187,Emily Parziale- Eparziale@Northwell.edu
NYC Department of Veterans' Services,,1 Centre Street Suite 2208,New York,NY,10007,110,125,,,,646-891-9398,Ellen Gruley,,,,,
Dr. Cary Goldsman,,2035 Ralph Ave Suite B9,Brooklyn,NY,11234,90,,,,,917-971-9578,Susan,year2448@yahoo.com,,,,
Pronto Translastion,,445 West 23rd St 10 B,New York,NY,10011,125,,,,,917-494-4481,,clientservices@prontotranslations.com,,,,
ENT & Allergy- Wayne NJ,,1211 Hamburg Turnpike Suite 205,Wayne,NJ,7470,95,110,,,,973-6330808,Cathy Anderman,canderman@entandallergy.com,,,,
Brooklyn Surgery Center- under Eye med,,1301 Ave J,Brooklyn,NY,,95,115,,,,917-273-3891,Hava,KLMEYE@aol.com,under eye med,,,
Northwell- Dr Noah Zuker - Surgeon,,101 Tryrellan,Staten Isalnd,NY,90,115,190,,,,718-226-5051,Terry Fisher,,,30001475,60252,"Lisa Torres, LTorres5@northwell.edu"
Glenbrook High School,,3801 W Lake Ave,Glenviwe,IL,60026,95,,,,,847-486-4708,Skip Kumm,skumm@glenbrook225.org,,,,
Northwell- Dr Bjorklund- NHPP Staten Island Heart,,501 Seaview Ave Suite 300,Staten Isand,NY,10305,90,115,190,,,718-226-3202,,jocasio1@northwell.edu,,30001532,61129,Barbara Civiletti
Northwell- Andrawes,,4106 Hylan Blvd,Staten Island,NY,10308,90,115,190,,,718-226-7855,Rosanna,,,30001404,60408,Kathy
Lionbridge,,,,,,110,115,,,,,Marissia Robles,marissia.robles@lionbridge.com,,,,
Nuanced Interpretation LLC,,,,,,130,140,,,,646-593-1632,Fernando Avila,scheduling@nuancedinterpretation.com,,,,
Lenox Hill- East Islip,,369 East. Main St,East Islip,NY,11730,95,115,190,,,516-459-6205,Kelly,,,,,
Dr. Rouder- Podiatry,,1855 Richmond Ave,Staten Island,NY,10312,90,,,,,718-909-6500,Dr Rouder,rouder@sipodiatry.net,staff@sipodiatry.com,agreed to one hour for remote only,,
ENT & Allergy- Oldbridge,,3663 RT 9,Oldbridge,NJ,8857,95,110,,,,732-838-1610,,,,,,
AV Dental,,642 Newark Ave,Jersey City,NJ,7306,105,110,,,,201-484-7759,Cristal,avddsmessages642@gmail.com,,,,
Ent & Allergy- Riverhead,,400 Old Country Road Suite 16,Riverhead,NY,11901,95,110,,,,917-829-5666,Cathy Anderman,canderman@entandallergy.com,,,,
Glenbrook High School - North,,,,,,,,,,,,,,,,,
GSA- USCIS- Florida,,,,,,,,,,,,,,,,,
Language Link,,,,CT,,,,,,,,,,,,,
CCI- Multilingual,,,,,,,,,,,727-657-3167,Eugenia,requests@myccigroup.com,,,,